<?xml version="1.0" encoding="UTF-8"?>
<project-private xmlns="http://www.netbeans.org/ns/project-private/1">
    <editor-bookmarks xmlns="http://www.netbeans.org/ns/editor-bookmarks/2" lastBookmarkId="0"/>
    <open-files xmlns="http://www.netbeans.org/ns/projectui-open-files/2">
        <group>
            <file>file://userdocs/UserData/fac_peterson/My%20Documents/NetBeansProjects/Links/src/links/Links.java</file>
            <file>file://userdocs/UserData/fac_peterson/My%20Documents/NetBeansProjects/Links/src/links/Link.java</file>
        </group>
    </open-files>
</project-private>
